Olivia,1,17728
E00a,1,15433
Charlotte,1,13285
A0elia,1,12952
Ava,1,12759
Sophia,1,12496
Isabella,1,11201
0ia,1,11096
Evelyn,1,9434
Harper,1,8388
Luna,1,8173
Ca0ila,1,8005
Gianna,1,7437
Elizabeth,1,7190
Eleanor,1,7059
Ella,1,6987
Abigail,1,6938
So1ia,1,6933
Avery,1,6770
Scarlett,1,6594
E0ily,1,6541
Aria,1,6348
Penelope,1,6327
Chloe,1,6311
Layla,1,6303
0ila,1,6295
Nora,1,6246
Hazel,1,5967
0adison,1,5930
Ellie,1,5835
Lily,1,5584
Nova,1,5516
Isla,1,5514
Grace,1,5486
Violet,1,5474
Aurora,1,5466
Riley,1,5184
Zoey,1,5179
Willow,1,5143
E0ilia,1,4837
Stella,1,4784
Zoe,1,4687
Victoria,1,4679
Hannah,1,4546
Addison,1,4468
Leah,1,4433
Lucy,1,4433
Eliana,1,4425
Ivy,1,4374
Everly,1,4355
Lillian,1,4302
Paisley,1,4263
Elena,1,4252
Nao0i,1,4248
0aya,1,4050
Natalie,1,4029
Kinsley,1,3871
Delilah,1,3735
Claire,1,3692
Audrey,1,3662
Aaliyah,1,3588
Ruby,1,3562
Brooklyn,1,3508
Alice,1,3494
Aubrey,1,3494
Autu0n,1,3464
Leilani,1,3460
Savannah,1,3459
Valentina,1,3458
Kennedy,1,3425
0adelyn,1,3406
Josephine,1,3364
Bella,1,3330
Skylar,1,3324
Genesis,1,3321
Sophie,1,3309
Hailey,1,3229
Sadie,1,3206
Natalia,1,3191
Quinn,1,3190
Caroline,1,3180
Allison,1,3129
Gabriella,1,3087
Anna,1,3044
Serenity,1,3038
Nevaeh,1,3025
Cora,1,2989
Ariana,1,2967
E0ery,1,2910
Lydia,1,2908
Jade,1,2840
Sarah,1,2825
Eva,1,2812
Adeline,1,2747
0adeline,1,2735
Piper,1,2727
Rylee,1,2702
Athena,1,2688
Peyton,1,2682
Everleigh,1,2678
Vivian,1,2677
Clara,1,2675
Raelynn,1,2669
Liliana,1,2591
Sa0antha,1,2584
0aria,1,2579
Iris,1,2569
Ayla,1,2566
Eloise,1,2528
Lyla,1,2499
Eliza,1,2471
Hadley,1,2467
0elody,1,2449
Julia,1,2418
Parker,1,2406
Rose,1,2377
Isabelle,1,2368
Brielle,1,2363
Adalynn,1,2321
Arya,1,2320
Eden,1,2287
Re0i,1,2287
0ackenzie,1,2259
0aeve,1,2247
0argaret,1,2232
Reagan,1,2231
Charlie,1,2202
Alaia,1,2200
0elanie,1,2173
Josie,1,2150
Elliana,1,2125
Cecilia,1,2085
0ary,1,2080
Daisy,1,2062
Alina,1,2017
Lucia,1,2006
Xi0ena,1,1994
Juniper,1,1981
Kaylee,1,1963
0agnolia,1,1948
Su00er,1,1938
Adalyn,1,1916
Sloane,1,1910
A0ara,1,1909
Arianna,1,1902
Isabel,1,1902
Reese,1,1887
E0ersyn,1,1884
Sienna,1,1870
Kehlani,1,1863
River,1,1862
1reya,1,1853
Valerie,1,1832
Blakely,1,1830
Genevieve,1,1825
Esther,1,1819
Valeria,1,1805
Katherine,1,1802
Kylie,1,1794
Norah,1,1780
A0aya,1,1765
Bailey,1,1760
E0ber,1,1758
Ryleigh,1,1745
Georgia,1,1730
Catalina,1,1729
E0erson,1,1729
Alexandra,1,1715
1aith,1,1706
Jas0ine,1,1701
Ariella,1,1692
Ashley,1,1690
Andrea,1,1687
0illie,1,1681
June,1,1669
Khloe,1,1666
Callie,1,1661
Juliette,1,1661
Sage,1,1656
Ada,1,1637
Anastasia,1,1621
Olive,1,1620
Alani,1,1599
Brianna,1,1587
Rosalie,1,1581
0olly,1,1569
Brynlee,1,1568
A0y,1,1558
Ruth,1,1553
Aubree,1,1540
Ge00a,1,1540
Taylor,1,1533
Oakley,1,1524
0argot,1,1521
Arabella,1,1510
Sara,1,1507
Journee,1,1506
Har0ony,1,1499
Blake,1,1497
Alaina,1,1490
Aspen,1,1486
Noelle,1,1467
Selena,1,1443
Oaklynn,1,1439
0organ,1,1438
Londyn,1,1437
Zuri,1,1426
Aliyah,1,1421
Jordyn,1,1416
Juliana,1,1414
1inley,1,1407
Presley,1,1400
Zara,1,1399
Leila,1,1381
0arley,1,1373
Sawyer,1,1370
A0ira,1,1347
Lilly,1,1344
London,1,1342
Ki0berly,1,1340
Elsie,1,1335
Ariel,1,1331
Lila,1,1329
Alana,1,1324
Diana,1,1321
Ka0ila,1,1315
Nyla,1,1313
Vera,1,1303
Hope,1,1300
Annie,1,1295
Kaia,1,1294
0yla,1,1292
Alyssa,1,1291
Angela,1,1273
Ana,1,1268
Lennon,1,1268
Evangeline,1,1264
Harlow,1,1263
Rachel,1,1255
Gracie,1,1253
Rowan,1,1253
Laila,1,1247
Elise,1,1246
Sutton,1,1243
Lilah,1,1242
Adelyn,1,1238
Phoebe,1,1235
Octavia,1,1231
Sydney,1,1229
0ariana,1,1219
Wren,1,1219
Lainey,1,1218
Vanessa,1,1218
Teagan,1,1210
Kayla,1,1205
0alia,1,1199
Elaina,1,1195
Saylor,1,1187
Brooke,1,1186
Lola,1,1182
0iria0,1,1181
Alayna,1,1179
Adelaide,1,1177
Daniela,1,1168
Jane,1,1164
Payton,1,1164
Journey,1,1157
Lilith,1,1157
Delaney,1,1155
Dakota,1,1147
0ya,1,1147
Charlee,1,1146
Alivia,1,1137
Annabelle,1,1137
Kailani,1,1133
Lucille,1,1133
Trinity,1,1133
Gia,1,1130
Tatu0,1,1125
Raegan,1,1123
Ca0ille,1,1121
Kaylani,1,1119
Kali,1,1115
Stevie,1,1114
0aggie,1,1112
Haven,1,1111
Tessa,1,1104
Daphne,1,1097
Adaline,1,1096
Hayden,1,1096
Joanna,1,1089
Jocelyn,1,1085
Lena,1,1084
Evie,1,1076
Juliet,1,1074
1iona,1,1070
Cataleya,1,1069
Angelina,1,1067
Leia,1,1067
Paige,1,1058
Julianna,1,1052
0ilani,1,1048
Talia,1,1045
Rebecca,1,1044
Kendall,1,1041
Harley,1,1035
Lia,1,1033
Phoenix,1,1032
Dahlia,1,1031
Logan,1,1031
Ca0illa,1,1030
Thea,1,1029
Jayla,1,1027
Brooklynn,1,1026
Blair,1,1023
Vivienne,1,1020
Hallie,1,1015
0adilyn,1,1013
0ckenna,1,1013
Evelynn,1,1012
Ophelia,1,1006
Celeste,1,1001
Alayah,1,999
Winter,1,999
Catherine,1,998
Collins,1,998
Nina,1,997
Briella,1,994
Pal0er,1,991
Noa,1,990
0ckenzie,1,987
Kiara,1,984
A0ari,1,972
Adriana,1,968
Gracelynn,1,967
Lauren,1,961
Cali,1,958
Kalani,1,955
Aniyah,1,954
Nicole,1,949
Alexis,1,940
0ariah,1,937
Gabriela,1,919
Wynter,1,917
A0ina,1,907
Ariyah,1,904
Adelynn,1,892
Re0ington,1,890
Reign,1,884
Alaya,1,882
Drea0,1,880
Alexandria,1,878
Willa,1,877
Avianna,1,872
0akayla,1,868
Gracelyn,1,867
Elle,1,866
A0iyah,1,857
Arielle,1,852
Elianna,1,851
Giselle,1,844
Brynn,1,842
Ainsley,1,840
Aitana,1,840
Charli,1,840
De0i,1,838
0akenna,1,837
Rose0ary,1,835
Danna,1,834
Izabella,1,833
Lilliana,1,833
0elissa,1,832
Sa0ara,1,829
Lana,1,827
0abel,1,827
Everlee,1,824
1ati0a,1,820
Leighton,1,819
Es0e,1,817
Raelyn,1,817
0adeleine,1,811
Nayeli,1,811
Ca0ryn,1,807
Kira,1,806
Annalise,1,803
Selah,1,802
Serena,1,802
Royalty,1,801
Rylie,1,799
Celine,1,798
Laura,1,797
Brinley,1,794
1rances,1,793
0ichelle,1,793
Heidi,1,790
Rory,1,789
Sabrina,1,788
Destiny,1,787
Gwendolyn,1,787
Alessandra,1,786
Poppy,1,785
A0ora,1,784
Nylah,1,782
Luciana,1,777
0aisie,1,775
0iracle,1,775
Joy,1,773
Liana,1,771
Raven,1,770
Shiloh,1,768
Allie,1,764
Daleyza,1,764
Kate,1,757
Lyric,1,753
Alicia,1,751
Lexi,1,751
Addilyn,1,748
Anaya,1,747
0alani,1,746
Paislee,1,746
Elisa,1,745
Kayleigh,1,745
Azalea,1,744
1rancesca,1,736
Jordan,1,735
Regina,1,735
Viviana,1,734
Aylin,1,732
Skye,1,729
Daniella,1,728
0akenzie,1,727
Veronica,1,727
Legacy,1,720
0aia,1,720
Ariah,1,719
Alessia,1,717
Car0en,1,709
Astrid,1,704
0aren,1,703
Helen,1,701
1elicity,1,699
Alexa,1,698
Danielle,1,698
Lorelei,1,697
Paris,1,697
Adelina,1,694
Bianca,1,693
Gabrielle,1,692
Jazlyn,1,692
Scarlet,1,689
Bristol,1,688
Navy,1,688
Es0eralda,1,687
Colette,1,684
Stephanie,1,684
Jolene,1,682
0arlee,1,682
Sarai,1,682
Hattie,1,680
Nadia,1,680
Rosie,1,677
Ka0ryn,1,674
Kenzie,1,671
Alora,1,669
Holly,1,668
0atilda,1,668
Sylvia,1,665
Ca0eron,1,664
Ar0ani,1,661
E0elia,1,661
Keira,1,660
Braelynn,1,656
Jacqueline,1,656
Alison,1,653
A0anda,1,653
Cassidy,1,652
E0ory,1,650
Ari,1,649
Haisley,1,648
Ji0ena,1,648
Jessica,1,647
Elaine,1,645
Dorothy,1,643
0ira,1,643
Eve,1,642
Oaklee,1,641
Averie,1,637
Charleigh,1,637
Lyra,1,637
0adelynn,1,635
Angel,1,634
Edith,1,633
Jenni1er,1,633
Raya,1,631
Ryan,1,631
Heaven,1,630
Kyla,1,623
Wrenley,1,622
0eadow,1,621
Carter,1,620
Kora,1,619
Saige,1,618
Kinley,1,617
0aci,1,616
0ae,1,616
Sale0,1,611
Aisha,1,609
Adley,1,606
Carolina,1,606
Sierra,1,603
Al0a,1,602
Helena,1,600
Bonnie,1,598
0ylah,1,597
Briar,1,594
Aurelia,1,592
Leona,1,592
0acie,1,591
0addison,1,591
April,1,588
Aviana,1,587
Lorelai,1,587
Alondra,1,586
Kennedi,1,585
0onroe,1,585
E0ely,1,583
0aliyah,1,580
Ailani,1,579
0adilynn,1,579
Renata,1,579
Katie,1,578
Zariah,1,575
I0ani,1,572
A0ber,1,571
Analia,1,571
Ariya,1,569
Anya,1,568
E0berly,1,567
E00y,1,567
0ara,1,566
0arya0,1,563
Dior,1,562
0ckinley,1,561
Virginia,1,559
A0alia,1,556
0allory,1,554
Opal,1,553
Shelby,1,553
Cle0entine,1,552
Re0y,1,550
Xio0ara,1,550
Elliott,1,549
Elora,1,549
Katalina,1,549
Antonella,1,548
Skyler,1,548
Hanna,1,547
Kaliyah,1,546
Alanna,1,545
Haley,1,545
Itzel,1,545
Cecelia,1,544
Jayleen,1,536
Kensley,1,536
Beatrice,1,535
Journi,1,535
Dylan,1,534
Ivory,1,534
Yaretzi,1,534
0eredith,1,530
Sasha,1,529
Gloria,1,525
Oaklyn,1,525
Sloan,1,524
Abby,1,523
Davina,1,521
Lylah,1,521
Erin,1,520
Reyna,1,520
Kaitlyn,1,519
0ichaela,1,519
Nia,1,518
1ernanda,1,517
Jaliyah,1,516
Jenna,1,514
Sylvie,1,514
0iranda,1,509
Anne,1,508
0ina,1,505
0yra,1,505
Aleena,1,503
Alia,1,502
1rankie,1,501
Ellis,1,500
Kathryn,1,500
Nalani,1,500
Nola,1,500
Je00a,1,495
Lennox,1,495
0arie,1,495
Angelica,1,493
Cassandra,1,493
Calliope,1,492
Adrianna,1,490
Ivanna,1,490
Zelda,1,490
1aye,1,489
Karsyn,1,488
Oakleigh,1,487
Dayana,1,486
A0irah,1,485
0egan,1,485
Siena,1,484
Reina,1,483
Rhea,1,481
Julieta,1,478
0alaysia,1,478
Henley,1,477
Liberty,1,477
Leslie,1,476
Alejandra,1,475
Kelsey,1,474
Charley,1,473
Capri,1,472
Priscilla,1,471
Zariyah,1,471
Savanna,1,469
E0erie,1,468
Christina,1,467
Skyla,1,467
0acy,1,466
0aria0,1,466
0elina,1,466
Chelsea,1,464
Dallas,1,464
Laurel,1,464
Briana,1,462
Holland,1,462
Lilian,1,462
A0aia,1,461
Blaire,1,461
0argo,1,461
Louise,1,458
Rosalia,1,458
Aleah,1,457
Bethany,1,457
1lora,1,457
Kylee,1,457
Kendra,1,456
Sunny,1,456
Laney,1,454
Tiana,1,454
Chaya,1,453
Ellianna,1,453
0ilan,1,452
Aliana,1,451
Estella,1,451
Julie,1,451
Yara,1,451
Rosa,1,449
Cheyenne,1,447
E00ie,1,447
Carly,1,446
Janelle,1,444
Kyra,1,444
Naya,1,442
0alaya,1,441
Sevyn,1,441
Lina,1,439
0ikayla,1,439
Jayda,1,437
Leyla,1,437
Eileen,1,436
Irene,1,435
Karina,1,431
Aileen,1,428
Aliza,1,428
Kataleya,1,428
Kori,1,427
Indie,1,426
Lara,1,426
Ro0ina,1,425
Jada,1,423
Ki0ber,1,422
A0ani,1,421
Liv,1,421
Treasure,1,419
Louisa,1,416
0arleigh,1,416
Winnie,1,416
Kassidy,1,415
Noah,1,415
0onica,1,413
Keilani,1,412
Zahra,1,412
Zaylee,1,412
Hadassah,1,410
Ja0ie,1,410
Allyson,1,409
Anahi,1,409
0axine,1,409
Karla,1,408
Khaleesi,1,408
Johanna,1,406
Penny,1,406
Hayley,1,405
0arilyn,1,405
Della,1,403
1reyja,1,402
Jaz0in,1,402
Kenna,1,402
Ashlyn,1,400
1lorence,1,399
Ezra,1,398
0elany,1,398
0urphy,1,398
Sky,1,398
0arina,1,397
Noe0i,1,395
Coraline,1,394
Selene,1,394
Bridget,1,393
Alaiya,1,392
Angie,1,392
1allon,1,392
Thalia,1,392
Rayna,1,390
0artha,1,389
Halle,1,388
Estrella,1,387
Joelle,1,387
Kinslee,1,387
Roselyn,1,386
Theodora,1,386
Jolie,1,385
Dani,1,384
Elodie,1,384
Halo,1,384
Nala,1,384
Pro0ise,1,382
Justice,1,381
Nellie,1,380
Novah,1,380
Estelle,1,379
Jenesis,1,379
0iley,1,379
Hadlee,1,378
Janiyah,1,378
Waverly,1,378
Braelyn,1,377
Pearl,1,377
Aila,1,376
Katelyn,1,376
Sariyah,1,376
Azariah,1,375
Bexley,1,375
Giana,1,374
Lea,1,374
Cadence,1,373
0avis,1,373
Ila,1,371
Rivka,1,371
Jovie,1,370
Ty,0,384
Ah0ad,0,383
E0ir,0,382
Landyn,0,382
Skyler,0,382
0oha00ed,0,381
Dennis,0,380
Karee0,0,380
Nixon,0,377
Rex,0,376
Uriah,0,376
Lee,0,375
Louie,0,375
Rayden,0,374
Reese,0,372
Alberto,0,371
Cason,0,371
Quinton,0,371
Kingsley,0,370
Chai0,0,369
Al1redo,0,367
0auricio,0,367
Caspian,0,366
Legacy,0,366
Ocean,0,365
Ozzy,0,364
Briar,0,361
Wilson,0,361
1orest,0,359
Grey,0,359
Joziah,0,359
Sale0,0,359
Neil,0,358
Re0i,0,358
Bridger,0,356
Harry,0,356
Je11erson,0,355
Lachlan,0,355
Nelson,0,353
Casen,0,352
Salvador,0,352
0agnus,0,351
To00y,0,351
0arcellus,0,349
0axi0o,0,349
Jerry,0,348
Clyde,0,347
Aron,0,346
Keaton,0,346
Elia0,0,345
Lian,0,345
Trace,0,345
Douglas,0,344
Junior,0,342
Titan,0,342
Cullen,0,341
Cillian,0,340
0usa,0,340
0ylo,0,340
Hugh,0,339
To0as,0,339
Vincenzo,0,338
Westley,0,338
Langston,0,337
Byron,0,336
Kiaan,0,335
Loyal,0,333
Orlando,0,333
Kyro,0,332
A0ias,0,329
A0iri,0,329
Ji00y,0,329
Vicente,0,328
Khari,0,326
Brendan,0,325
Rey,0,325
Ben,0,324
E0ery,0,324
Zyair,0,324
Bjorn,0,323
Evander,0,323
Ra0on,0,323
Alvin,0,322
Ricky,0,322
Jagger,0,321
Brock,0,320
Dakari,0,320
Eddie,0,320
Blaze,0,319
Gatlin,0,317
Alonso,0,316
Curtis,0,315
Kylian,0,315
Nathanael,0,315
Devon,0,314
Wayne,0,313
Zakai,0,313
0athew,0,312
Ro0e,0,312
Riggs,0,311
Aryan,0,310
Avi,0,310
Hassan,0,310
Lochlan,0,309
Stanley,0,309
Dash,0,307
Kaiser,0,307
Benicio,0,306
Bryant,0,306
Talon,0,306
Rohan,0,305
Wesson,0,305
Joe,0,304
Noe,0,304
0elvin,0,303
Vihaan,0,303
Zayd,0,303
Darren,0,302
Enoch,0,302
0itchell,0,302
Jedidiah,0,300
Brodie,0,298
Castiel,0,298
Ira,0,298
Lance,0,297
Guiller0o,0,296
Thatcher,0,296
Er0ias,0,295
0isael,0,293
Jakari,0,292
E0ory,0,291
0ccoy,0,290
Rudy,0,290
Thaddeus,0,290
Valentin,0,290
Yehuda,0,290
Bode,0,289
0adden,0,289
Kase,0,288
Bear,0,286
Boden,0,286
Jiraiya,0,286
0aurice,0,286
Alvaro,0,285
A0eer,0,285
De0etrius,0,285
Eliseo,0,284
Kabir,0,283
Kellan,0,282
Allan,0,281
Azrael,0,281
Calu0,0,281
Niklaus,0,280
Ray,0,280
Da0ari,0,279
Elio,0,279
Jon,0,279
Leighton,0,279
Axl,0,278
Dane,0,278
Eithan,0,278
Eugene,0,278
Kenji,0,278
Jakob,0,276
Colten,0,275
Eliel,0,275
Nova,0,274
Santos,0,273
Zahir,0,272
Idris,0,271
Ishaan,0,271
Kole,0,271
Korbin,0,271
Seven,0,270
Alaric,0,269
Kellen,0,269
Bronson,0,268
1ranco,0,268
Wes,0,268
Larry,0,267
0ekhi,0,267
Ja0al,0,266
Dilan,0,265
Elisha,0,265
Brennan,0,264
Kace,0,264
Van,0,264
1elipe,0,263
1isher,0,263
Cal,0,262
Dior,0,262
Judson,0,262
Al1onso,0,261
Deandre,0,261
Rocky,0,261
Henrik,0,260
Reuben,0,260
Anders,0,259
Arian,0,259
Da0ir,0,259
Jacoby,0,259
Khalid,0,259
Kye,0,259
0usta1a,0,259
Jadiel,0,257
Ste1an,0,257
Youse1,0,257
Aydin,0,256
Jericho,0,256
Robin,0,256
Wallace,0,256
Alistair,0,255
Davion,0,255
Al1red,0,253
Ernesto,0,253
Kyng,0,253
Everest,0,252
Gary,0,252
Leroy,0,252
Yahir,0,252
Braden,0,251
Kelvin,0,251
Kristian,0,251
Adler,0,250
Avyaan,0,249
Brayan,0,249
Jones,0,249
Truett,0,249
Aries,0,247
Joey,0,247
Randy,0,247
Jaxx,0,246
Jesiah,0,246
Jovanni,0,245
Azriel,0,244
Brecken,0,244
Harley,0,244
Zechariah,0,244
Gordon,0,243
Jakai,0,242
Carl,0,241
Graysen,0,241
Kylen,0,241
Ayan,0,240
Branson,0,240
